{"Kebayoran Baru": [-6.243622, 106.7999], "Menteng": [-6.1937, 106.8392], "Pondok Aren": [-6.2557, 106.689], "Kebayoran Lama": [-6.2366, 106.7806], "Setia Budi": [-6.2136, 106.8264], "Kelapa Dua": [-6.2434, 106.6289], "Tanah Abang": [-6.204, 106.8051], "Kuta Utara": [-8.6597, 115.1633], "Tebet": [-6.2251, 106.855], "Cilandak": [-6.2771, 106.7976], "Kelapa Gading": [-6.1613, 106.905], "Grogol Petamburan": [-6.1617, 106.7846], "Kuta Selatan": [-8.798, 115.1608], "Kalideres": [-6.1568, 106.7038], "Denpasar Barat": [-8.6817, 115.1928], "Wiyung": [-7.3116, 112.6879], "Sukajadi": [-6.8923, 107.5909], "Tegalsari": [-7.2758, 112.7346], "Serpong Utara": [-6.2398, 106.6572], "Kemayoran": [-6.1595, 106.8542], "Tanjung Priok": [-6.1383, 106.8665], "Andir": [-6.9136, 107.5776], "Penjaringan": [-6.1165, 106.7558], "Beji": [-6.3685, 106.8081], "Mulyorejo": [-7.2634, 112.7831], "Kembangan": [-6.1987, 106.7419], "Babakan Madang": [-6.5636, 106.864], "Kuta": [-8.739184, 115.171127], "Cakung": [-6.1875, 106.9594], "Cibinong": [-6.4901, 106.8307]}